{"cameraMode":{"drawMode":0,"name":"Shaded","section":"Shading Mode"},"sceneLighting":false,"audioPlay":false,"sceneViewState":{"m_AlwaysRefresh":false,"showFog":true,"showSkybox":false,"showFlares":true,"showImageEffects":true,"showParticleSystems":true,"showVisualEffectGraphs":true,"m_FxEnabled":true},"in2DMode":false,"pivot":{"x":0.06037414073944092,"y":2.207037925720215,"z":-2.7598657608032228},"rotation":{"x":-0.000048083922592923045,"y":-0.9879521727561951,"z":0.0003059731097891927,"w":-0.1547688990831375},"size":2.910175085067749,"orthographic":false}