{"cameraMode":{"drawMode":0,"name":"Shaded","section":"Shading Mode"},"sceneLighting":false,"audioPlay":false,"sceneViewState":{"m_AlwaysRefresh":false,"showFog":true,"showSkybox":false,"showFlares":true,"showImageEffects":true,"showParticleSystems":true,"showVisualEffectGraphs":true,"m_FxEnabled":true},"in2DMode":false,"pivot":{"x":0.00016823410987854004,"y":0.05966658890247345,"z":0.00012189149856567383},"rotation":{"x":-0.07262896001338959,"y":0.8822650909423828,"z":-0.1450084000825882,"w":-0.44195133447647097},"size":0.4511461853981018,"orthographic":false}