{"cameraMode":{"drawMode":0,"name":"Shaded","section":"Shading Mode"},"sceneLighting":true,"audioPlay":false,"sceneViewState":{"m_AlwaysRefresh":false,"showFog":true,"showSkybox":true,"showFlares":true,"showImageEffects":true,"showParticleSystems":true,"showVisualEffectGraphs":true,"m_FxEnabled":true},"in2DMode":false,"pivot":{"x":-36.355140686035159,"y":4.223186492919922,"z":25.776933670043947},"rotation":{"x":0.02087315544486046,"y":0.5301104187965393,"z":0.013017537072300911,"w":-0.8475834727287293},"size":21.69544792175293,"orthographic":false}